Time [s]	Main in [V]	LI out [a.u.]
0.0000E+0	8.9428E-1	-3.2000E+1
5.0000E-5	8.9506E-1	3.1000E+1
1.0000E-4	8.9516E-1	-4.0000E+0
1.5000E-4	8.9438E-1	6.2000E+1
2.0000E-4	8.9443E-1	-4.0000E+0
2.5000E-4	8.9307E-1	-5.0000E+0
3.0000E-4	8.9462E-1	-4.5000E+1
3.5000E-4	8.9462E-1	-1.3000E+1
4.0000E-4	8.9520E-1	2.4000E+1
4.5000E-4	8.9482E-1	-4.0000E+1
5.0000E-4	8.9472E-1	-4.0000E+0
5.5000E-4	8.9336E-1	3.1000E+1
6.0000E-4	8.9365E-1	-9.0000E+0
6.5000E-4	8.9307E-1	7.0000E+0
7.0000E-4	8.9477E-1	-1.4000E+1
7.5000E-4	8.9559E-1	3.9000E+1
8.0000E-4	8.9467E-1	-9.0000E+0
8.5000E-4	8.9370E-1	-1.0000E+0
9.0000E-4	8.9409E-1	2.7000E+1
9.5000E-4	8.9516E-1	0.0000E+0
1.0000E-3	8.9506E-1	-4.1000E+1
1.0500E-3	8.9511E-1	2.9000E+1
1.1000E-3	8.9331E-1	2.0000E+0
1.1500E-3	8.9452E-1	4.9000E+1
1.2000E-3	8.9370E-1	-1.2000E+1
1.2500E-3	8.9423E-1	-6.0000E+0
1.3000E-3	8.9389E-1	-3.6000E+1
1.3500E-3	8.9312E-1	-2.5000E+1
1.4000E-3	8.9535E-1	4.6000E+1
1.4500E-3	8.9326E-1	-5.0000E+1
1.5000E-3	8.9642E-1	5.4000E+1
1.5500E-3	8.9418E-1	3.7000E+1
1.6000E-3	8.9341E-1	-3.1000E+1
1.6500E-3	8.9618E-1	-2.3000E+1
1.7000E-3	8.9307E-1	1.9000E+1
1.7500E-3	8.9418E-1	-3.8000E+1
1.8000E-3	8.9375E-1	2.0000E+1
1.8500E-3	8.9433E-1	7.0000E+0
1.9000E-3	8.9307E-1	-1.9000E+1
1.9500E-3	8.9462E-1	2.6000E+1
2.0000E-3	8.9321E-1	2.8000E+1
2.0500E-3	8.9530E-1	-6.0000E+0
2.1000E-3	8.9491E-1	-1.2000E+1
2.1500E-3	8.9433E-1	-2.2000E+1
2.2000E-3	8.9312E-1	-2.3000E+1
2.2500E-3	8.9302E-1	-3.0000E+0
2.3000E-3	8.9472E-1	-9.0000E+0
2.3500E-3	8.9569E-1	4.8000E+1
2.4000E-3	8.9418E-1	-5.3000E+1
2.4500E-3	8.9414E-1	-1.6000E+1
2.5000E-3	8.9652E-1	7.9000E+1
2.5500E-3	8.9550E-1	8.0000E+0
2.6000E-3	8.9511E-1	-7.0000E+0
2.6500E-3	8.9511E-1	2.4000E+1
2.7000E-3	8.9312E-1	1.0000E+1
2.7500E-3	8.9384E-1	-7.0000E+0
2.8000E-3	8.9608E-1	1.7000E+1
2.8500E-3	8.9472E-1	1.1000E+1
2.9000E-3	8.9336E-1	-3.5000E+1
2.9500E-3	8.9467E-1	8.0000E+0
3.0000E-3	8.9394E-1	-1.0000E+1
3.0500E-3	8.9588E-1	-1.6000E+1
3.1000E-3	8.9409E-1	-5.5000E+1
3.1500E-3	8.9452E-1	8.0000E+0
3.2000E-3	8.9491E-1	2.7000E+1
3.2500E-3	8.9229E-1	-6.0000E+1
3.3000E-3	8.9496E-1	-1.4000E+1
3.3500E-3	8.9535E-1	-3.7000E+1
3.4000E-3	8.9554E-1	8.0000E+0
3.4500E-3	8.9418E-1	4.0000E+0
3.5000E-3	8.9331E-1	-1.9000E+1
3.5500E-3	8.9180E-1	1.6000E+1
3.6000E-3	8.9205E-1	-5.0000E+0
3.6500E-3	8.9360E-1	-7.9000E+1
3.7000E-3	8.9248E-1	-5.3000E+1
3.7500E-3	8.9326E-1	-2.1000E+1
3.8000E-3	8.9287E-1	-3.0000E+0
3.8500E-3	8.9569E-1	-4.6000E+1
3.9000E-3	8.9423E-1	-2.0000E+1
3.9500E-3	8.9263E-1	1.0000E+0
4.0000E-3	8.9156E-1	4.0000E+0
4.0500E-3	8.9214E-1	2.5000E+1
4.1000E-3	8.9064E-1	1.3000E+1
4.1500E-3	8.9331E-1	-3.0000E+0
4.2000E-3	8.9229E-1	3.0000E+0
4.2500E-3	8.9175E-1	-1.4000E+1
4.3000E-3	8.9200E-1	1.7000E+1
4.3500E-3	8.9093E-1	-3.6000E+1
4.4000E-3	8.9156E-1	-3.6000E+1
4.4500E-3	8.9195E-1	-2.6000E+1
4.5000E-3	8.8903E-1	0.0000E+0
4.5500E-3	8.9059E-1	5.0000E+0
4.6000E-3	8.8850E-1	-1.7000E+1
4.6500E-3	8.8947E-1	-4.0000E+0
4.7000E-3	8.8947E-1	-4.8000E+1
4.7500E-3	8.9112E-1	3.0000E+0
4.8000E-3	8.8918E-1	-3.7000E+1
4.8500E-3	8.8869E-1	1.8000E+1
4.9000E-3	8.8695E-1	-2.9000E+1
4.9500E-3	8.8782E-1	3.4000E+1
5.0000E-3	8.8738E-1	-5.2000E+1
5.0500E-3	8.8622E-1	3.1000E+1
5.1000E-3	8.8865E-1	-2.0000E+1
5.1500E-3	8.8626E-1	5.0000E+1
5.2000E-3	8.8592E-1	-1.6000E+1
5.2500E-3	8.8626E-1	-2.0000E+1
5.3000E-3	8.8520E-1	5.9000E+1
5.3500E-3	8.8505E-1	1.2000E+1
5.4000E-3	8.8646E-1	2.2000E+1
5.4500E-3	8.8427E-1	1.7000E+1
5.5000E-3	8.8286E-1	5.0000E+0
5.5500E-3	8.8490E-1	-6.1000E+1
5.6000E-3	8.8490E-1	4.0000E+0
5.6500E-3	8.8180E-1	4.3000E+1
5.7000E-3	8.8345E-1	-1.0000E+1
5.7500E-3	8.8471E-1	4.0000E+0
5.8000E-3	8.8155E-1	-4.2000E+1
5.8500E-3	8.8160E-1	-2.2000E+1
5.9000E-3	8.8199E-1	5.1000E+1
5.9500E-3	8.8150E-1	2.7000E+1
6.0000E-3	8.8165E-1	-1.0600E+2
6.0500E-3	8.8063E-1	-9.0000E+0
6.1000E-3	8.7975E-1	-5.1000E+1
6.1500E-3	8.8160E-1	-5.1000E+1
6.2000E-3	8.7859E-1	-3.4000E+1
6.2500E-3	8.7966E-1	-6.0000E+1
6.3000E-3	8.7718E-1	-2.9000E+1
6.3500E-3	8.7762E-1	1.4000E+1
6.4000E-3	8.7796E-1	2.9000E+1
6.4500E-3	8.7563E-1	-1.1000E+1
6.5000E-3	8.7616E-1	-2.1000E+1
6.5500E-3	8.7572E-1	6.0000E+0
6.6000E-3	8.7504E-1	-6.3000E+1
6.6500E-3	8.7286E-1	-3.1000E+1
6.7000E-3	8.7276E-1	-1.7000E+1
6.7500E-3	8.7363E-1	6.1000E+1
6.8000E-3	8.7266E-1	-9.3000E+1
6.8500E-3	8.7208E-1	-2.6000E+1
6.9000E-3	8.7106E-1	-7.2000E+1
6.9500E-3	8.7184E-1	-4.2000E+1
7.0000E-3	8.6999E-1	-4.5000E+1
7.0500E-3	8.6994E-1	-4.3000E+1
7.1000E-3	8.6950E-1	-4.8000E+1
7.1500E-3	8.6771E-1	-1.8000E+1
7.2000E-3	8.6756E-1	-1.0000E+1
7.2500E-3	8.6800E-1	-6.9000E+1
7.3000E-3	8.6576E-1	-5.3000E+1
7.3500E-3	8.6678E-1	-5.9000E+1
7.4000E-3	8.6639E-1	1.6000E+1
7.4500E-3	8.6426E-1	-2.2000E+1
7.5000E-3	8.6299E-1	-3.6000E+1
7.5500E-3	8.6367E-1	-2.9000E+1
7.6000E-3	8.6100E-1	-9.0000E+1
7.6500E-3	8.6066E-1	-3.6000E+1
7.7000E-3	8.5872E-1	-5.2000E+1
7.7500E-3	8.6032E-1	-5.3000E+1
7.8000E-3	8.5823E-1	-1.5000E+1
7.8500E-3	8.5755E-1	-3.1000E+1
7.9000E-3	8.5677E-1	-8.0000E+1
7.9500E-3	8.5658E-1	-4.4000E+1
8.0000E-3	8.5532E-1	-3.0000E+1
8.0500E-3	8.5289E-1	-6.6000E+1
8.1000E-3	8.5415E-1	-3.5000E+1
8.1500E-3	8.5396E-1	-5.5000E+1
8.2000E-3	8.5245E-1	-8.0000E+0
8.2500E-3	8.4954E-1	-3.5000E+1
8.3000E-3	8.5109E-1	2.4000E+1
8.3500E-3	8.4954E-1	-8.7000E+1
8.4000E-3	8.4856E-1	-4.2000E+1
8.4500E-3	8.4623E-1	-2.6000E+1
8.5000E-3	8.4691E-1	-5.2000E+1
8.5500E-3	8.4511E-1	-5.6000E+1
8.6000E-3	8.4400E-1	-1.9000E+1
8.6500E-3	8.4215E-1	-6.6000E+1
8.7000E-3	8.4244E-1	-5.1000E+1
8.7500E-3	8.4137E-1	3.0000E+0
8.8000E-3	8.3962E-1	-7.1000E+1
8.8500E-3	8.3807E-1	-4.5000E+1
8.9000E-3	8.3972E-1	-3.8000E+1
8.9500E-3	8.3661E-1	-1.7000E+1
9.0000E-3	8.3554E-1	-9.2000E+1
9.0500E-3	8.3457E-1	-5.2000E+1
9.1000E-3	8.3350E-1	-8.7000E+1
9.1500E-3	8.3321E-1	-8.5000E+1
9.2000E-3	8.3122E-1	-5.6000E+1
9.2500E-3	8.2971E-1	-8.5000E+1
9.3000E-3	8.3073E-1	-2.3000E+1
9.3500E-3	8.2947E-1	-6.8000E+1
9.4000E-3	8.2889E-1	-9.1000E+1
9.4500E-3	8.2641E-1	-7.2000E+1
9.5000E-3	8.2539E-1	-7.3000E+1
9.5500E-3	8.2277E-1	-3.0000E+1
9.6000E-3	8.2524E-1	-8.4000E+1
9.6500E-3	8.2141E-1	5.0000E+0
9.7000E-3	8.2063E-1	-9.4000E+1
9.7500E-3	8.1961E-1	-3.4000E+1
9.8000E-3	8.2009E-1	-6.4000E+1
9.8500E-3	8.1766E-1	-9.3000E+1
9.9000E-3	8.1664E-1	-8.6000E+1
9.9500E-3	8.1543E-1	-3.0000E+1
1.0000E-2	8.1319E-1	-7.8000E+1
1.0050E-2	8.1047E-1	-1.1100E+2
1.0100E-2	8.1164E-1	-8.0000E+1
1.0150E-2	8.0906E-1	-9.5000E+1
1.0200E-2	8.0936E-1	-4.8000E+1
1.0250E-2	8.0882E-1	-7.9000E+1
1.0300E-2	8.0484E-1	-5.8000E+1
1.0350E-2	8.0591E-1	-9.5000E+1
1.0400E-2	8.0392E-1	-6.9000E+1
1.0450E-2	8.0464E-1	-7.9000E+1
1.0500E-2	8.0328E-1	-6.4000E+1
1.0550E-2	8.0081E-1	-4.8000E+1
1.0600E-2	7.9765E-1	-7.0000E+1
1.0650E-2	7.9823E-1	-4.8000E+1
1.0700E-2	7.9726E-1	-1.0200E+2
1.0750E-2	7.9580E-1	-4.9000E+1
1.0800E-2	7.9702E-1	-1.6400E+2
1.0850E-2	7.9420E-1	-9.5000E+1
1.0900E-2	7.9347E-1	-6.0000E+1
1.0950E-2	7.9080E-1	-1.1000E+1
1.1000E-2	7.8987E-1	-8.9000E+1
1.1050E-2	7.8769E-1	-8.1000E+1
1.1100E-2	7.8652E-1	-6.7000E+1
1.1150E-2	7.8764E-1	-9.9000E+1
1.1200E-2	7.8565E-1	-4.0000E+1
1.1250E-2	7.8346E-1	-5.8000E+1
1.1300E-2	7.8419E-1	-6.6000E+1
1.1350E-2	7.8254E-1	-1.0200E+2
1.1400E-2	7.7953E-1	-4.7000E+1
1.1450E-2	7.7933E-1	-8.5000E+1
1.1500E-2	7.7870E-1	-1.0700E+2
1.1550E-2	7.7413E-1	-5.0000E+1
1.1600E-2	7.7627E-1	-1.4700E+2
1.1650E-2	7.7549E-1	-2.9000E+1
1.1700E-2	7.7272E-1	-8.4000E+1
1.1750E-2	7.7107E-1	-5.2000E+1
1.1800E-2	7.7122E-1	-4.0000E+1
1.1850E-2	7.6971E-1	-7.6000E+1
1.1900E-2	7.6947E-1	-8.4000E+1
1.1950E-2	7.6806E-1	-1.1500E+2
1.2000E-2	7.6563E-1	-4.8000E+1
1.2050E-2	7.6534E-1	-8.8000E+1
1.2100E-2	7.6510E-1	-3.4000E+1
1.2150E-2	7.6636E-1	-6.7000E+1
1.2200E-2	7.6398E-1	-4.0000E+1
1.2250E-2	7.6272E-1	-5.1000E+1
1.2300E-2	7.6072E-1	-5.1000E+1
1.2350E-2	7.6038E-1	-1.0100E+2
1.2400E-2	7.5854E-1	-4.2000E+1
1.2450E-2	7.5863E-1	-3.1000E+1
1.2500E-2	7.5878E-1	-4.8000E+1
1.2550E-2	7.5791E-1	-1.3000E+1
1.2600E-2	7.5747E-1	-3.4000E+1
1.2650E-2	7.5766E-1	2.5000E+1
1.2700E-2	7.5640E-1	-1.3400E+2
1.2750E-2	7.5421E-1	-7.9000E+1
1.2800E-2	7.5402E-1	-4.1000E+1
1.2850E-2	7.5397E-1	-2.9000E+1
1.2900E-2	7.5256E-1	-6.7000E+1
1.2950E-2	7.4897E-1	-1.2900E+2
1.3000E-2	7.4989E-1	6.3000E+1
1.3050E-2	7.5057E-1	5.4000E+1
1.3100E-2	7.5271E-1	4.1000E+1
1.3150E-2	7.5407E-1	1.6900E+2
1.3200E-2	7.5358E-1	-1.0100E+2
1.3250E-2	7.5645E-1	2.6800E+2
1.3300E-2	7.5280E-1	-2.9900E+2
1.3350E-2	7.5392E-1	2.0000E+0
1.3400E-2	7.4970E-1	-2.4400E+2
1.3450E-2	7.4999E-1	-8.3000E+1
1.3500E-2	7.4785E-1	-4.3000E+1
1.3550E-2	7.4683E-1	-4.7000E+1
1.3600E-2	7.4663E-1	-2.3000E+1
1.3650E-2	7.4581E-1	-2.0000E+1
1.3700E-2	7.4561E-1	0.0000E+0
1.3750E-2	7.4435E-1	-3.6000E+1
1.3800E-2	7.4425E-1	-6.6000E+1
1.3850E-2	7.4396E-1	-4.5000E+1
1.3900E-2	7.4343E-1	-4.0000E+0
1.3950E-2	7.4294E-1	-6.9000E+1
1.4000E-2	7.4192E-1	-2.8000E+1
1.4050E-2	7.4080E-1	-7.0000E+1
1.4100E-2	7.3930E-1	-1.0400E+2
1.4150E-2	7.3789E-1	-1.6000E+1
1.4200E-2	7.3361E-1	-8.5000E+1
1.4250E-2	7.2715E-1	-4.7500E+2
1.4300E-2	7.3517E-1	2.2800E+2
1.4350E-2	7.3055E-1	-3.8600E+2
1.4400E-2	7.3585E-1	6.7200E+2
1.4450E-2	7.4100E-1	1.1300E+2
1.4500E-2	7.4353E-1	3.1000E+1
1.4550E-2	7.4421E-1	1.2000E+1
1.4600E-2	7.4343E-1	9.0000E+1
1.4650E-2	7.4489E-1	5.0000E+0
1.4700E-2	7.4489E-1	1.0000E+0
1.4750E-2	7.4712E-1	9.5000E+1
1.4800E-2	7.4989E-1	5.7000E+1
1.4850E-2	7.4892E-1	5.4000E+1
1.4900E-2	7.4955E-1	3.4000E+1
1.4950E-2	7.5120E-1	7.6000E+1
1.5000E-2	7.5285E-1	2.0000E+0
1.5050E-2	7.5217E-1	4.6000E+1
1.5100E-2	7.5421E-1	5.7000E+1
1.5150E-2	7.5567E-1	2.5000E+1
1.5200E-2	7.5747E-1	1.2500E+2
1.5250E-2	7.5897E-1	-2.3000E+1
1.5300E-2	7.5975E-1	-1.0000E+1
1.5350E-2	7.6252E-1	1.0300E+2
1.5400E-2	7.5946E-1	-1.2000E+2
1.5450E-2	7.5985E-1	2.7000E+1
1.5500E-2	7.6058E-1	4.1000E+1
1.5550E-2	7.6179E-1	5.7000E+1
1.5600E-2	7.6072E-1	4.7000E+1
1.5650E-2	7.6247E-1	1.2000E+1
1.5700E-2	7.6306E-1	4.2000E+1
1.5750E-2	7.6325E-1	1.7000E+1
1.5800E-2	7.6301E-1	1.9000E+1
1.5850E-2	7.6451E-1	7.1000E+1
1.5900E-2	7.6626E-1	3.4000E+1
1.5950E-2	7.6889E-1	3.0000E+0
1.6000E-2	7.6981E-1	9.0000E+0
1.6050E-2	7.6995E-1	1.1100E+2
1.6100E-2	7.7039E-1	4.8000E+1
1.6150E-2	7.7093E-1	7.1000E+1
1.6200E-2	7.7248E-1	1.1000E+1
1.6250E-2	7.7530E-1	5.8000E+1
1.6300E-2	7.7705E-1	1.0500E+2
1.6350E-2	7.7710E-1	7.0000E+0
1.6400E-2	7.7860E-1	5.1000E+1
1.6450E-2	7.7797E-1	1.6000E+1
1.6500E-2	7.8157E-1	1.1200E+2
1.6550E-2	7.8336E-1	4.0000E+0
1.6600E-2	7.8317E-1	1.2000E+2
1.6650E-2	7.8375E-1	5.1000E+1
1.6700E-2	7.8502E-1	2.3000E+1
1.6750E-2	7.8730E-1	7.6000E+1
1.6800E-2	7.8822E-1	3.4000E+1
1.6850E-2	7.8929E-1	2.1000E+1
1.6900E-2	7.9055E-1	6.9000E+1
1.6950E-2	7.9162E-1	4.2000E+1
1.7000E-2	7.9323E-1	7.2000E+1
1.7050E-2	7.9274E-1	5.9000E+1
1.7100E-2	7.9600E-1	4.0000E+1
1.7150E-2	7.9945E-1	7.7000E+1
1.7200E-2	7.9799E-1	1.8000E+1
1.7250E-2	7.9983E-1	6.3000E+1
1.7300E-2	8.0212E-1	5.6000E+1
1.7350E-2	8.0518E-1	1.2000E+1
1.7400E-2	8.0566E-1	1.1800E+2
1.7450E-2	8.0770E-1	1.3000E+1
1.7500E-2	8.0863E-1	9.2000E+1
1.7550E-2	8.0921E-1	5.1000E+1
1.7600E-2	8.0970E-1	7.4000E+1
1.7650E-2	8.1193E-1	7.1000E+1
1.7700E-2	8.1271E-1	5.1000E+1
1.7750E-2	8.1465E-1	4.6000E+1
1.7800E-2	8.1480E-1	-1.1000E+1
1.7850E-2	8.1601E-1	5.8000E+1
1.7900E-2	8.1786E-1	6.7000E+1
1.7950E-2	8.1995E-1	3.5000E+1
1.8000E-2	8.2228E-1	4.4000E+1
1.8050E-2	8.2150E-1	1.1000E+2
1.8100E-2	8.2413E-1	3.0000E+1
1.8150E-2	8.2364E-1	9.0000E+1
1.8200E-2	8.2519E-1	3.6000E+1
1.8250E-2	8.2563E-1	6.1000E+1
1.8300E-2	8.2782E-1	-1.7000E+1
1.8350E-2	8.2908E-1	6.0000E+0
1.8400E-2	8.3141E-1	4.0000E+0
1.8450E-2	8.3171E-1	4.1000E+1
1.8500E-2	8.3190E-1	6.5000E+1
1.8550E-2	8.3447E-1	7.0000E+0
1.8600E-2	8.3418E-1	3.4000E+1
1.8650E-2	8.3856E-1	5.8000E+1
1.8700E-2	8.3812E-1	5.9000E+1
1.8750E-2	8.3826E-1	6.1000E+1
1.8800E-2	8.3992E-1	5.1000E+1
1.8850E-2	8.4064E-1	2.9000E+1
1.8900E-2	8.4278E-1	5.1000E+1
1.8950E-2	8.4200E-1	8.0000E+0
1.9000E-2	8.4346E-1	-7.0000E+0
1.9050E-2	8.4317E-1	6.1000E+1
1.9100E-2	8.4662E-1	-1.8000E+1
1.9150E-2	8.4613E-1	2.9000E+1
1.9200E-2	8.4647E-1	-1.0000E+0
1.9250E-2	8.4783E-1	4.6000E+1
1.9300E-2	8.4920E-1	-1.2000E+1
1.9350E-2	8.5167E-1	1.0000E+1
1.9400E-2	8.5187E-1	3.4000E+1
1.9450E-2	8.5235E-1	2.1000E+1
1.9500E-2	8.5420E-1	3.9000E+1
1.9550E-2	8.5537E-1	4.4000E+1
1.9600E-2	8.5648E-1	9.0000E+0
1.9650E-2	8.5561E-1	3.0000E+1
1.9700E-2	8.5804E-1	1.0000E+1
1.9750E-2	8.5838E-1	8.5000E+1
1.9800E-2	8.5721E-1	-1.0000E+1
1.9850E-2	8.5935E-1	-1.3000E+1
1.9900E-2	8.6037E-1	4.0000E+1
1.9950E-2	8.6071E-1	4.3000E+1
2.0000E-2	8.6207E-1	4.6000E+1
2.0050E-2	8.6129E-1	1.2000E+1
2.0100E-2	8.6139E-1	6.0000E+1
2.0150E-2	8.6416E-1	1.6000E+1
2.0200E-2	8.6192E-1	2.2000E+1
2.0250E-2	8.6460E-1	1.0000E+0
2.0300E-2	8.6392E-1	6.1000E+1
2.0350E-2	8.6465E-1	2.0000E+1
2.0400E-2	8.6630E-1	0.0000E+0
2.0450E-2	8.6567E-1	-2.1000E+1
2.0500E-2	8.6921E-1	2.3000E+1
2.0550E-2	8.6848E-1	3.2000E+1
2.0600E-2	8.6843E-1	2.5000E+1
2.0650E-2	8.6941E-1	1.1000E+1
2.0700E-2	8.7043E-1	2.8000E+1
2.0750E-2	8.7150E-1	5.2000E+1
2.0800E-2	8.7145E-1	5.6000E+1
2.0850E-2	8.6999E-1	4.3000E+1
2.0900E-2	8.7213E-1	-4.0000E+0
2.0950E-2	8.7368E-1	4.0000E+1
2.1000E-2	8.7256E-1	2.7000E+1
2.1050E-2	8.7378E-1	-3.0000E+1
2.1100E-2	8.7514E-1	4.0000E+0
2.1150E-2	8.7349E-1	6.2000E+1
2.1200E-2	8.7514E-1	-4.0000E+0
2.1250E-2	8.7708E-1	1.9000E+1
2.1300E-2	8.7490E-1	1.8000E+1
2.1350E-2	8.7694E-1	3.0000E+0
2.1400E-2	8.7645E-1	5.7000E+1
2.1450E-2	8.7708E-1	1.2000E+1
2.1500E-2	8.7504E-1	1.4000E+1
2.1550E-2	8.7689E-1	-7.0000E+0
2.1600E-2	8.7820E-1	-2.7000E+1
2.1650E-2	8.7747E-1	2.9000E+1
2.1700E-2	8.7810E-1	-1.1000E+1
2.1750E-2	8.7728E-1	2.9000E+1
2.1800E-2	8.7864E-1	2.7000E+1
2.1850E-2	8.8068E-1	2.1000E+1
2.1900E-2	8.7771E-1	-3.0000E+0
2.1950E-2	8.7873E-1	4.7000E+1
2.2000E-2	8.7946E-1	1.8000E+1
2.2050E-2	8.7922E-1	3.1000E+1
2.2100E-2	8.8116E-1	5.0000E+0
2.2150E-2	8.7966E-1	3.4000E+1
2.2200E-2	8.8102E-1	2.2000E+1
2.2250E-2	8.7917E-1	-1.1000E+1
2.2300E-2	8.7946E-1	5.8000E+1
2.2350E-2	8.8146E-1	5.0000E+0
2.2400E-2	8.8121E-1	1.1000E+1
2.2450E-2	8.7966E-1	3.3000E+1
2.2500E-2	8.8097E-1	1.5000E+1
2.2550E-2	8.8175E-1	2.6000E+1
2.2600E-2	8.8282E-1	-3.0000E+1
2.2650E-2	8.8335E-1	-4.0000E+0
2.2700E-2	8.8248E-1	4.3000E+1
2.2750E-2	8.8155E-1	5.3000E+1
2.2800E-2	8.8233E-1	7.0000E+0
2.2850E-2	8.8184E-1	-4.6000E+1
2.2900E-2	8.8393E-1	-4.6000E+1
2.2950E-2	8.8248E-1	2.8000E+1
2.3000E-2	8.8282E-1	-1.6000E+1
2.3050E-2	8.8452E-1	-7.0000E+0
2.3100E-2	8.8311E-1	-1.8000E+1
2.3150E-2	8.8180E-1	7.0000E+0
2.3200E-2	8.8243E-1	-2.8000E+1
2.3250E-2	8.8320E-1	-2.1000E+1
2.3300E-2	8.8262E-1	-2.7000E+1
2.3350E-2	8.8214E-1	-3.0000E+0
2.3400E-2	8.8306E-1	2.9000E+1
2.3450E-2	8.8296E-1	2.2000E+1
2.3500E-2	8.8194E-1	-1.0000E+0
2.3550E-2	8.8481E-1	-4.5000E+1
2.3600E-2	8.8563E-1	-3.1000E+1
2.3650E-2	8.8500E-1	2.3000E+1
2.3700E-2	8.8398E-1	3.8000E+1
2.3750E-2	8.8500E-1	0.0000E+0
2.3800E-2	8.8374E-1	8.0000E+0
2.3850E-2	8.8641E-1	2.9000E+1
2.3900E-2	8.8651E-1	3.9000E+1
2.3950E-2	8.8510E-1	-4.0000E+1
2.4000E-2	8.8437E-1	-3.0000E+1
2.4050E-2	8.8534E-1	3.4000E+1
2.4100E-2	8.8524E-1	-5.8000E+1
2.4150E-2	8.8685E-1	0.0000E+0
2.4200E-2	8.8422E-1	-2.7000E+1
2.4250E-2	8.8588E-1	2.0000E+0
2.4300E-2	8.8476E-1	-2.4000E+1
2.4350E-2	8.8476E-1	2.3000E+1
2.4400E-2	8.8651E-1	4.0000E+0
2.4450E-2	8.8534E-1	1.9000E+1
2.4500E-2	8.8636E-1	4.0000E+0
2.4550E-2	8.8563E-1	-8.0000E+0
2.4600E-2	8.8636E-1	1.0000E+0
2.4650E-2	8.8607E-1	6.0000E+0
2.4700E-2	8.8801E-1	-5.0000E+0
2.4750E-2	8.8505E-1	1.5000E+1
2.4800E-2	8.8413E-1	2.1000E+1
2.4850E-2	8.8719E-1	2.8000E+1
2.4900E-2	8.8447E-1	-3.0000E+0
2.4950E-2	8.8719E-1	-7.3000E+1
2.5000E-2	8.8602E-1	-2.1000E+1
2.5050E-2	8.8602E-1	-3.0000E+1
2.5100E-2	8.8549E-1	-3.5000E+1
2.5150E-2	8.8622E-1	-5.8000E+1
2.5200E-2	8.8495E-1	7.0000E+0
2.5250E-2	8.8665E-1	-2.2000E+1
2.5300E-2	8.8695E-1	-6.4000E+1
2.5350E-2	8.8592E-1	-1.6000E+1
2.5400E-2	8.8612E-1	2.3000E+1
2.5450E-2	8.8607E-1	9.0000E+0
2.5500E-2	8.8748E-1	7.0000E+0
2.5550E-2	8.8622E-1	-2.7000E+1
2.5600E-2	8.8597E-1	5.0000E+0
2.5650E-2	8.8617E-1	-2.0000E+0
2.5700E-2	8.8592E-1	-4.0000E+0
2.5750E-2	8.8602E-1	7.0000E+0
2.5800E-2	8.8699E-1	-1.2000E+1
2.5850E-2	8.8699E-1	-3.5000E+1
2.5900E-2	8.8665E-1	-4.3000E+1
2.5950E-2	8.8558E-1	-3.0000E+0
2.6000E-2	8.8660E-1	-2.2000E+1
2.6050E-2	8.8617E-1	1.5000E+1
2.6100E-2	8.8481E-1	-9.0000E+0
2.6150E-2	8.8549E-1	5.7000E+1
2.6200E-2	8.8660E-1	-2.7000E+1
2.6250E-2	8.8738E-1	-5.2000E+1
2.6300E-2	8.8665E-1	-4.4000E+1
2.6350E-2	8.8544E-1	1.8000E+1
2.6400E-2	8.8558E-1	2.6000E+1
2.6450E-2	8.8626E-1	-4.0000E+1
2.6500E-2	8.8447E-1	9.0000E+0
2.6550E-2	8.8461E-1	-4.3000E+1
2.6600E-2	8.8510E-1	2.4000E+1
2.6650E-2	8.8602E-1	-1.7000E+1
2.6700E-2	8.8452E-1	-4.9000E+1
2.6750E-2	8.8524E-1	-4.1000E+1
2.6800E-2	8.8286E-1	-6.3000E+1
2.6850E-2	8.8413E-1	-1.6000E+1
2.6900E-2	8.8471E-1	1.0000E+1
2.6950E-2	8.8529E-1	-1.1000E+1
2.7000E-2	8.8452E-1	-6.6000E+1
2.7050E-2	8.8612E-1	-3.0000E+1
2.7100E-2	8.8500E-1	-2.2000E+1
2.7150E-2	8.8442E-1	-5.0000E+1
2.7200E-2	8.8471E-1	1.0000E+0
2.7250E-2	8.8607E-1	-1.6000E+1
2.7300E-2	8.8461E-1	2.7000E+1
2.7350E-2	8.8476E-1	8.0000E+0
2.7400E-2	8.8612E-1	-6.2000E+1
2.7450E-2	8.8408E-1	-4.2000E+1
2.7500E-2	8.8223E-1	1.0000E+0
2.7550E-2	8.8364E-1	-3.8000E+1
2.7600E-2	8.8141E-1	-9.0000E+0
2.7650E-2	8.8408E-1	-1.7000E+1
2.7700E-2	8.8248E-1	2.1000E+1
2.7750E-2	8.8311E-1	-3.0000E+0
2.7800E-2	8.8107E-1	-7.1000E+1
2.7850E-2	8.8354E-1	-1.3000E+1
2.7900E-2	8.8111E-1	-1.8000E+1
2.7950E-2	8.8165E-1	-4.0000E+0
2.8000E-2	8.8043E-1	0.0000E+0
2.8050E-2	8.8063E-1	-2.9000E+1
2.8100E-2	8.8175E-1	-5.0000E+0
2.8150E-2	8.7961E-1	-3.1000E+1
2.8200E-2	8.8014E-1	-3.8000E+1
2.8250E-2	8.8039E-1	3.0000E+1
2.8300E-2	8.7966E-1	-1.2000E+1
2.8350E-2	8.7859E-1	2.0000E+1
2.8400E-2	8.7971E-1	-3.0000E+0
2.8450E-2	8.7815E-1	-4.9000E+1
2.8500E-2	8.7635E-1	6.0000E+0
2.8550E-2	8.7553E-1	2.4000E+1
2.8600E-2	8.7485E-1	-5.0000E+0
2.8650E-2	8.7543E-1	-1.0000E+1
2.8700E-2	8.7606E-1	-1.0000E+0
2.8750E-2	8.7606E-1	-7.2000E+1
2.8800E-2	8.7558E-1	-3.7000E+1
2.8850E-2	8.7514E-1	-3.6000E+1
2.8900E-2	8.7281E-1	0.0000E+0
2.8950E-2	8.7286E-1	-8.1000E+1
2.9000E-2	8.7324E-1	-9.0000E+0
2.9050E-2	8.7169E-1	-1.1500E+2
2.9100E-2	8.7315E-1	-1.9000E+1
2.9150E-2	8.7179E-1	2.3000E+1
2.9200E-2	8.7038E-1	-1.1000E+1
2.9250E-2	8.6941E-1	2.4000E+1
2.9300E-2	8.7116E-1	-4.7000E+1
2.9350E-2	8.6921E-1	1.0000E+0
2.9400E-2	8.6848E-1	-1.0400E+2
2.9450E-2	8.6897E-1	1.6000E+1
2.9500E-2	8.6669E-1	-4.9000E+1
2.9550E-2	8.6717E-1	-2.5000E+1
2.9600E-2	8.6790E-1	2.6000E+1
2.9650E-2	8.6508E-1	-2.4000E+1
2.9700E-2	8.6518E-1	-2.4000E+1
2.9750E-2	8.6489E-1	-3.4000E+1
2.9800E-2	8.6294E-1	-5.9000E+1
2.9850E-2	8.6231E-1	-1.1000E+1
2.9900E-2	8.6129E-1	-4.6000E+1
2.9950E-2	8.6294E-1	-1.0000E+0
3.0000E-2	8.6066E-1	-7.0000E+0
3.0050E-2	8.6071E-1	-1.2000E+1
3.0100E-2	8.5838E-1	-6.4000E+1
3.0150E-2	8.5799E-1	4.0000E+0
3.0200E-2	8.5721E-1	-1.3000E+1
3.0250E-2	8.5745E-1	-4.6000E+1
3.0300E-2	8.5527E-1	-2.7000E+1
3.0350E-2	8.5677E-1	-1.5000E+1
3.0400E-2	8.5493E-1	-6.1000E+1
3.0450E-2	8.5347E-1	-2.1000E+1
3.0500E-2	8.5235E-1	-7.2000E+1
3.0550E-2	8.5133E-1	-5.0000E+1
3.0600E-2	8.5128E-1	-5.6000E+1
3.0650E-2	8.4866E-1	-6.6000E+1
3.0700E-2	8.4924E-1	-5.4000E+1
3.0750E-2	8.4759E-1	2.0000E+1
3.0800E-2	8.4672E-1	-3.1000E+1
3.0850E-2	8.4570E-1	-2.8000E+1
3.0900E-2	8.4536E-1	-2.4000E+1
3.0950E-2	8.4385E-1	-1.1000E+2
3.1000E-2	8.4181E-1	-4.2000E+1
3.1050E-2	8.4094E-1	-1.5000E+1
3.1100E-2	8.3899E-1	-8.8000E+1
3.1150E-2	8.3758E-1	-9.0000E+1
3.1200E-2	8.3685E-1	-9.4000E+1
3.1250E-2	8.3545E-1	-4.3000E+1
3.1300E-2	8.3341E-1	-1.1400E+2
3.1350E-2	8.3214E-1	-4.3000E+1
3.1400E-2	8.2952E-1	-8.7000E+1
3.1450E-2	8.2908E-1	-9.0000E+1
3.1500E-2	8.2908E-1	-5.6000E+1
3.1550E-2	8.2903E-1	-4.6000E+1
3.1600E-2	8.2762E-1	-8.9000E+1
3.1650E-2	8.2515E-1	-7.8000E+1
3.1700E-2	8.2184E-1	-1.0000E+1
3.1750E-2	8.2155E-1	-1.1300E+2
3.1800E-2	8.1825E-1	-5.6000E+1
3.1850E-2	8.1577E-1	-7.9000E+1
3.1900E-2	8.1480E-1	-5.3000E+1
3.1950E-2	8.1480E-1	-1.0200E+2
3.2000E-2	8.1188E-1	-4.6000E+1
3.2050E-2	8.1028E-1	-6.6000E+1
3.2100E-2	8.0790E-1	-6.9000E+1
3.2150E-2	8.0868E-1	-8.5000E+1
3.2200E-2	8.0552E-1	-1.3700E+2
3.2250E-2	8.0260E-1	-4.5000E+1
3.2300E-2	8.0158E-1	-1.3400E+2
3.2350E-2	7.9896E-1	-5.7000E+1
3.2400E-2	7.9794E-1	-1.2600E+2
3.2450E-2	7.9444E-1	-9.2000E+1
3.2500E-2	7.9434E-1	-1.0800E+2
3.2550E-2	7.9216E-1	-1.5500E+2
3.2600E-2	7.8895E-1	-5.2000E+1
3.2650E-2	7.8667E-1	-9.3000E+1
3.2700E-2	7.8667E-1	-6.5000E+1
3.2750E-2	7.8332E-1	-1.0000E+2
3.2800E-2	7.8006E-1	-6.5000E+1
3.2850E-2	7.7812E-1	-1.4900E+2
3.2900E-2	7.7836E-1	-1.0400E+2
3.2950E-2	7.7520E-1	-1.0600E+2
3.3000E-2	7.7467E-1	-9.6000E+1
3.3050E-2	7.7253E-1	-9.5000E+1
3.3100E-2	7.6923E-1	-1.3400E+2
3.3150E-2	7.6626E-1	-1.2000E+2
3.3200E-2	7.6461E-1	-1.0600E+2
3.3250E-2	7.6257E-1	-8.8000E+1
3.3300E-2	7.6034E-1	-1.1700E+2
3.3350E-2	7.5820E-1	-4.3000E+1
3.3400E-2	7.5732E-1	-9.8000E+1
3.3450E-2	7.5528E-1	-1.1300E+2
3.3500E-2	7.5232E-1	-9.9000E+1
3.3550E-2	7.5101E-1	-1.1900E+2
3.3600E-2	7.4765E-1	-3.8000E+1
3.3650E-2	7.4654E-1	-8.1000E+1
3.3700E-2	7.4459E-1	-1.1800E+2
3.3750E-2	7.4187E-1	-1.2000E+2
3.3800E-2	7.3954E-1	-1.1100E+2
3.3850E-2	7.3692E-1	-1.2500E+2
3.3900E-2	7.3439E-1	-1.1700E+2
3.3950E-2	7.3206E-1	-1.3800E+2
3.4000E-2	7.3002E-1	-1.1300E+2
3.4050E-2	7.2676E-1	-1.2200E+2
3.4100E-2	7.2594E-1	-1.3100E+2
3.4150E-2	7.2239E-1	-8.4000E+1
3.4200E-2	7.2118E-1	-1.5000E+2
3.4250E-2	7.1904E-1	-7.5000E+1
3.4300E-2	7.1705E-1	-1.2400E+2
3.4350E-2	7.1413E-1	-7.8000E+1
3.4400E-2	7.1457E-1	-9.3000E+1
3.4450E-2	7.1015E-1	-7.9000E+1
3.4500E-2	7.0723E-1	-9.7000E+1
3.4550E-2	7.0675E-1	-1.3700E+2
3.4600E-2	7.0461E-1	-5.5000E+1
3.4650E-2	7.0150E-1	-1.3300E+2
3.4700E-2	6.9917E-1	-9.3000E+1
3.4750E-2	6.9878E-1	-1.1700E+2
3.4800E-2	6.9562E-1	-2.9000E+1
3.4850E-2	6.9533E-1	-6.0000E+1
3.4900E-2	6.9207E-1	-1.2700E+2
3.4950E-2	6.9086E-1	-8.0000E+1
3.5000E-2	6.8770E-1	-2.8000E+1
3.5050E-2	6.8838E-1	-7.9000E+1
3.5100E-2	6.8532E-1	-8.2000E+1
3.5150E-2	6.8192E-1	-8.6000E+1
3.5200E-2	6.8192E-1	-9.9000E+1
3.5250E-2	6.8080E-1	-4.7000E+1
3.5300E-2	6.7833E-1	-9.8000E+1
3.5350E-2	6.7614E-1	-7.7000E+1
3.5400E-2	6.7687E-1	-7.0000E+1
3.5450E-2	6.7531E-1	-6.8000E+1
3.5500E-2	6.7308E-1	-8.3000E+1
3.5550E-2	6.7114E-1	-9.4000E+1
3.5600E-2	6.6958E-1	-4.5000E+1
3.5650E-2	6.6846E-1	-7.0000E+1
3.5700E-2	6.6846E-1	-2.7000E+1
3.5750E-2	6.6652E-1	-1.1000E+1
3.5800E-2	6.6671E-1	-4.1000E+1
3.5850E-2	6.6603E-1	-5.7000E+1
3.5900E-2	6.6375E-1	-6.8000E+1
3.5950E-2	6.6127E-1	-3.4000E+1
3.6000E-2	6.6307E-1	-5.6000E+1
3.6050E-2	6.6283E-1	3.0000E+0
3.6100E-2	6.6399E-1	3.6000E+1
3.6150E-2	6.6496E-1	2.9000E+1
3.6200E-2	6.7250E-1	4.2000E+2
3.6250E-2	6.7663E-1	2.6100E+2
3.6300E-2	6.6535E-1	-6.0700E+2
3.6350E-2	6.5802E-1	-1.6100E+2
3.6400E-2	6.5768E-1	-7.7000E+1
3.6450E-2	6.5637E-1	-2.9000E+1
3.6500E-2	6.5345E-1	-4.8000E+1
3.6550E-2	6.5311E-1	-5.8000E+1
3.6600E-2	6.5389E-1	-2.8000E+1
3.6650E-2	6.5165E-1	-6.1000E+1
3.6700E-2	6.5160E-1	-3.8000E+1
3.6750E-2	6.4995E-1	-2.8000E+1
3.6800E-2	6.4898E-1	-7.5000E+1
3.6850E-2	6.4772E-1	-4.0000E+0
3.6900E-2	6.4694E-1	-1.7000E+1
3.6950E-2	6.4393E-1	-9.0000E+0
3.7000E-2	6.4140E-1	-1.2400E+2
3.7050E-2	6.3494E-1	-1.6700E+2
3.7100E-2	6.0909E-1	-1.4060E+3
3.7150E-2	6.1818E-1	5.2800E+2
3.7200E-2	6.3742E-1	7.8400E+2
3.7250E-2	6.4461E-1	1.1200E+2
3.7300E-2	6.4626E-1	4.8000E+1
3.7350E-2	6.4713E-1	6.9000E+1
3.7400E-2	6.5034E-1	2.6000E+1
3.7450E-2	6.5277E-1	6.5000E+1
3.7500E-2	6.5398E-1	3.3000E+1
3.7550E-2	6.5301E-1	1.0200E+2
3.7600E-2	6.5544E-1	-1.5000E+1
3.7650E-2	6.5821E-1	7.6000E+1
3.7700E-2	6.5797E-1	3.8000E+1
3.7750E-2	6.5972E-1	5.0000E+1
3.7800E-2	6.6166E-1	5.7000E+1
3.7850E-2	6.6375E-1	9.1000E+1
3.7900E-2	6.6705E-1	1.1600E+2
3.7950E-2	6.7240E-1	1.9200E+2
3.8000E-2	6.7799E-1	2.7400E+2
3.8050E-2	6.7235E-1	-1.2600E+2
3.8100E-2	6.6866E-1	-1.8000E+1
3.8150E-2	6.7157E-1	-4.9000E+1
3.8200E-2	6.7157E-1	5.9000E+1
3.8250E-2	6.7371E-1	1.8000E+1
3.8300E-2	6.7395E-1	5.0000E+0
3.8350E-2	6.7560E-1	6.3000E+1
3.8400E-2	6.7667E-1	3.0000E+1
3.8450E-2	6.7765E-1	6.0000E+1
3.8500E-2	6.7930E-1	-3.0000E+0
3.8550E-2	6.7925E-1	3.1000E+1
3.8600E-2	6.8197E-1	1.7000E+1
3.8650E-2	6.8605E-1	6.2000E+1
3.8700E-2	6.8595E-1	6.1000E+1
3.8750E-2	6.8780E-1	9.4000E+1
3.8800E-2	6.9173E-1	9.1000E+1
3.8850E-2	6.9169E-1	8.1000E+1
3.8900E-2	6.9460E-1	7.1000E+1
3.8950E-2	6.9586E-1	-1.2000E+1
3.9000E-2	6.9776E-1	9.7000E+1
3.9050E-2	6.9965E-1	1.9000E+1
3.9100E-2	7.0160E-1	1.1800E+2
3.9150E-2	7.0310E-1	3.3000E+1
3.9200E-2	7.0641E-1	5.7000E+1
3.9250E-2	7.0631E-1	9.0000E+1
3.9300E-2	7.0986E-1	3.8000E+1
3.9350E-2	7.1170E-1	1.1500E+2
3.9400E-2	7.1345E-1	4.9000E+1
3.9450E-2	7.1569E-1	7.0000E+1
3.9500E-2	7.1899E-1	1.0600E+2
3.9550E-2	7.2025E-1	1.1200E+2
3.9600E-2	7.2317E-1	4.7000E+1
3.9650E-2	7.2443E-1	7.4000E+1
3.9700E-2	7.2589E-1	4.8000E+1
3.9750E-2	7.2919E-1	4.3000E+1
3.9800E-2	7.3186E-1	7.3000E+1
3.9850E-2	7.3118E-1	1.1900E+2
3.9900E-2	7.3590E-1	9.8000E+1
3.9950E-2	7.3614E-1	6.2000E+1
4.0000E-2	7.3944E-1	5.8000E+1
4.0050E-2	7.4241E-1	5.3000E+1
4.0100E-2	7.4343E-1	9.6000E+1
4.0150E-2	7.4654E-1	2.0000E+1
4.0200E-2	7.4756E-1	7.9000E+1
4.0250E-2	7.5018E-1	7.9000E+1
4.0300E-2	7.5339E-1	6.0000E+1
4.0350E-2	7.5460E-1	3.0000E+1
4.0400E-2	7.5723E-1	2.0000E+0
4.0450E-2	7.5902E-1	4.9000E+1
4.0500E-2	7.6053E-1	5.6000E+1
4.0550E-2	7.6155E-1	1.5200E+2
4.0600E-2	7.6534E-1	2.2000E+1
4.0650E-2	7.6646E-1	9.9000E+1
4.0700E-2	7.6830E-1	5.0000E+1
4.0750E-2	7.7049E-1	6.7000E+1
4.0800E-2	7.7268E-1	6.8000E+1
4.0850E-2	7.7535E-1	8.6000E+1
4.0900E-2	7.7812E-1	1.4900E+2
4.0950E-2	7.7851E-1	4.4000E+1
4.1000E-2	7.8200E-1	7.8000E+1
4.1050E-2	7.8137E-1	6.1000E+1
4.1100E-2	7.8448E-1	9.6000E+1
4.1150E-2	7.8516E-1	7.5000E+1
4.1200E-2	7.8579E-1	6.4000E+1
4.1250E-2	7.8895E-1	8.4000E+1
4.1300E-2	7.9041E-1	9.3000E+1
4.1350E-2	7.9225E-1	4.2000E+1
4.1400E-2	7.9449E-1	4.6000E+1
4.1450E-2	7.9561E-1	1.1000E+2
4.1500E-2	7.9877E-1	4.0000E+1
4.1550E-2	7.9988E-1	9.1000E+1
4.1600E-2	7.9998E-1	4.0000E+1
4.1650E-2	8.0285E-1	8.3000E+1
4.1700E-2	8.0348E-1	6.6000E+1
4.1750E-2	8.0498E-1	3.6000E+1
4.1800E-2	8.0906E-1	9.1000E+1
4.1850E-2	8.0926E-1	3.7000E+1
4.1900E-2	8.0892E-1	7.3000E+1
4.1950E-2	8.1164E-1	2.4000E+1
4.2000E-2	8.1256E-1	1.3000E+1
4.2050E-2	8.1436E-1	4.5000E+1
4.2100E-2	8.1431E-1	7.8000E+1
4.2150E-2	8.1820E-1	2.1000E+1
4.2200E-2	8.1791E-1	3.8000E+1
4.2250E-2	8.1825E-1	2.5000E+1
4.2300E-2	8.2009E-1	3.5000E+1
4.2350E-2	8.2252E-1	4.0000E+1
4.2400E-2	8.2281E-1	3.1000E+1
4.2450E-2	8.2330E-1	5.0000E+0
4.2500E-2	8.2524E-1	4.0000E+1
4.2550E-2	8.2694E-1	2.1000E+1
4.2600E-2	8.2767E-1	-1.1000E+1
4.2650E-2	8.2704E-1	-2.0000E+0
4.2700E-2	8.2971E-1	3.5000E+1
4.2750E-2	8.2903E-1	2.2000E+1
4.2800E-2	8.3083E-1	3.3000E+1
4.2850E-2	8.3117E-1	3.7000E+1
4.2900E-2	8.3234E-1	2.9000E+1
4.2950E-2	8.3282E-1	-4.0000E+0
4.3000E-2	8.3355E-1	1.9000E+1
4.3050E-2	8.3496E-1	2.0000E+0
4.3100E-2	8.3588E-1	-1.9000E+1
4.3150E-2	8.3710E-1	-1.8000E+1
4.3200E-2	8.3763E-1	6.0000E+0
4.3250E-2	8.3802E-1	7.0000E+0
4.3300E-2	8.3724E-1	3.4000E+1
4.3350E-2	8.3613E-1	4.7000E+1
4.3400E-2	8.3744E-1	-2.4000E+1
4.3450E-2	8.3831E-1	-3.2000E+1
4.3500E-2	8.3977E-1	3.0000E+0
4.3550E-2	8.4089E-1	2.8000E+1
4.3600E-2	8.4060E-1	-4.5000E+1
4.3650E-2	8.4176E-1	3.0000E+0
4.3700E-2	8.4244E-1	5.0000E+1
4.3750E-2	8.4249E-1	3.1000E+1
4.3800E-2	8.4244E-1	3.2000E+1
4.3850E-2	8.4244E-1	4.0000E+0
4.3900E-2	8.4322E-1	5.6000E+1
4.3950E-2	8.4371E-1	-9.0000E+0
4.4000E-2	8.4526E-1	-3.0000E+0
4.4050E-2	8.4589E-1	2.1000E+1
4.4100E-2	8.4487E-1	5.9000E+1
4.4150E-2	8.4409E-1	-9.0000E+0
4.4200E-2	8.4555E-1	1.4000E+1
4.4250E-2	8.4516E-1	1.7000E+1
4.4300E-2	8.4502E-1	3.0000E+0
4.4350E-2	8.4579E-1	9.0000E+0
4.4400E-2	8.4502E-1	3.6000E+1
4.4450E-2	8.4599E-1	4.7000E+1
4.4500E-2	8.4861E-1	-2.1000E+1
4.4550E-2	8.4754E-1	5.1000E+1
4.4600E-2	8.4769E-1	-2.1000E+1
4.4650E-2	8.4696E-1	3.1000E+1
4.4700E-2	8.4633E-1	4.8000E+1
4.4750E-2	8.4745E-1	-5.0000E+0
4.4800E-2	8.4818E-1	9.0000E+0
4.4850E-2	8.4837E-1	2.0000E+1
4.4900E-2	8.4793E-1	-9.0000E+0
4.4950E-2	8.4929E-1	1.1000E+1
4.5000E-2	8.4963E-1	3.3000E+1
4.5050E-2	8.4876E-1	-1.0000E+1
4.5100E-2	8.4992E-1	5.3000E+1
4.5150E-2	8.4866E-1	0.0000E+0
4.5200E-2	8.4871E-1	-4.3000E+1
4.5250E-2	8.5022E-1	-2.9000E+1
4.5300E-2	8.4774E-1	3.6000E+1
4.5350E-2	8.4711E-1	3.2000E+1
4.5400E-2	8.4954E-1	-6.0000E+0
4.5450E-2	8.4827E-1	-1.0000E+0
4.5500E-2	8.4924E-1	3.7000E+1
4.5550E-2	8.4876E-1	1.3000E+1
4.5600E-2	8.4886E-1	2.0000E+0
4.5650E-2	8.4783E-1	-2.5000E+1
4.5700E-2	8.4973E-1	2.0000E+0
4.5750E-2	8.4920E-1	-2.0000E+0
4.5800E-2	8.4822E-1	3.5000E+1
4.5850E-2	8.4924E-1	-3.9000E+1
4.5900E-2	8.4745E-1	-3.3000E+1
4.5950E-2	8.4973E-1	1.9000E+1
4.6000E-2	8.4822E-1	2.5000E+1
4.6050E-2	8.4827E-1	-2.0000E+0
4.6100E-2	8.4915E-1	2.8000E+1
4.6150E-2	8.5026E-1	2.6000E+1
4.6200E-2	8.4852E-1	-5.2000E+1
4.6250E-2	8.4852E-1	5.0000E+0
4.6300E-2	8.4813E-1	2.3000E+1
4.6350E-2	8.4890E-1	-5.4000E+1
4.6400E-2	8.4749E-1	-6.0000E+0
4.6450E-2	8.4968E-1	-1.7000E+1
4.6500E-2	8.4788E-1	1.4000E+1
4.6550E-2	8.4900E-1	8.0000E+0
4.6600E-2	8.4905E-1	-4.0000E+0
4.6650E-2	8.4997E-1	-1.4000E+1
4.6700E-2	8.5007E-1	-1.4000E+1
4.6750E-2	8.4749E-1	1.4000E+1
4.6800E-2	8.4808E-1	-2.9000E+1
4.6850E-2	8.4720E-1	-1.6000E+1
4.6900E-2	8.4818E-1	-4.0000E+1
4.6950E-2	8.4958E-1	-2.9000E+1
4.7000E-2	8.4720E-1	-3.0000E+0
4.7050E-2	8.4924E-1	-3.4000E+1
4.7100E-2	8.4915E-1	1.4000E+1
4.7150E-2	8.4905E-1	-4.7000E+1
4.7200E-2	8.4832E-1	1.6000E+1
4.7250E-2	8.4783E-1	-4.5000E+1
4.7300E-2	8.4847E-1	3.9000E+1
4.7350E-2	8.4745E-1	-4.0000E+0
4.7400E-2	8.4696E-1	2.8000E+1
4.7450E-2	8.4764E-1	-2.3000E+1
4.7500E-2	8.4929E-1	-5.2000E+1
4.7550E-2	8.4808E-1	-2.0000E+0
4.7600E-2	8.4929E-1	-1.6000E+1
4.7650E-2	8.4905E-1	9.0000E+0
4.7700E-2	8.4779E-1	-4.6000E+1
4.7750E-2	8.4924E-1	3.0000E+0
4.7800E-2	8.4861E-1	-1.5000E+1
4.7850E-2	8.4754E-1	-2.6000E+1
4.7900E-2	8.4847E-1	-1.5000E+1
4.7950E-2	8.5094E-1	-1.0000E+0
4.8000E-2	8.4798E-1	-2.7000E+1
4.8050E-2	8.4822E-1	-5.8000E+1
4.8100E-2	8.4924E-1	2.1000E+1
4.8150E-2	8.4852E-1	-3.9000E+1
4.8200E-2	8.4983E-1	1.6000E+1
4.8250E-2	8.4920E-1	2.0000E+0
4.8300E-2	8.5022E-1	-4.8000E+1
4.8350E-2	8.4958E-1	-1.1000E+1
4.8400E-2	8.4886E-1	-1.0000E+1
4.8450E-2	8.4905E-1	3.2000E+1
4.8500E-2	8.4866E-1	1.2000E+1
4.8550E-2	8.5002E-1	-8.0000E+0
4.8600E-2	8.4963E-1	-1.4000E+1
4.8650E-2	8.4832E-1	1.3000E+1
4.8700E-2	8.4861E-1	-1.2000E+1
4.8750E-2	8.4915E-1	-3.7000E+1
4.8800E-2	8.4866E-1	7.2000E+1
4.8850E-2	8.4701E-1	3.0000E+0
4.8900E-2	8.4818E-1	2.1000E+1
4.8950E-2	8.4866E-1	-1.7000E+1
4.9000E-2	8.4915E-1	-5.0000E+0
4.9050E-2	8.4837E-1	3.0000E+0
4.9100E-2	8.4832E-1	2.7000E+1
4.9150E-2	8.4876E-1	-6.0000E+0
4.9200E-2	8.4861E-1	-1.5000E+1
4.9250E-2	8.4647E-1	-1.8000E+1
4.9300E-2	8.4745E-1	-8.0000E+0
4.9350E-2	8.4852E-1	-1.7000E+1
4.9400E-2	8.4808E-1	0.0000E+0
4.9450E-2	8.4779E-1	-7.8000E+1
4.9500E-2	8.4832E-1	-5.0000E+0
4.9550E-2	8.4856E-1	-6.0000E+1
4.9600E-2	8.4681E-1	-2.6000E+1
4.9650E-2	8.4643E-1	1.6000E+1
4.9700E-2	8.4818E-1	4.0000E+0
4.9750E-2	8.4706E-1	2.8000E+1
4.9800E-2	8.4711E-1	-3.1000E+1
4.9850E-2	8.4643E-1	2.5000E+1
4.9900E-2	8.4589E-1	-4.8000E+1
4.9950E-2	8.4706E-1	5.0000E+1
