2600.5,0.0786
2601.426,0.0785
2602.353,0.0784
2603.279,0.0784
2604.205,0.0783
2605.132,0.0783
2606.058,0.0782
2606.985,0.0782
2607.911,0.0781
2608.837,0.0781
2609.764,0.078
2610.69,0.0779
2611.617,0.0779
2612.543,0.0778
2613.474,0.0345
2614.396,0.0777
2615.322,0.0777
2616.249,0.0776
2617.175,0.0776
2618.101,0.0775
2619.028,0.0775
2619.954,0.0774
2620.881,0.0773
2621.807,0.0773
2622.733,0.0772
2623.46,0.2071
2624.192,0.2936
2625.108,0.3801
2625.65,0.51
2626.405,0.38
2626.795,0.2069
2627.551,0.0769
2628.477,0.0769
2629.403,0.0768
2630.33,0.0768
2631.256,0.0767
2632.183,0.0767
2633.109,0.0766
2634.036,0.0766
2634.962,0.0765
2635.888,0.0765
2636.815,0.0764
2637.741,0.0763
2638.668,0.0763
2639.594,0.0762
2640.52,0.0762
2641.447,0.0761
2642.373,0.0761
2643.3,0.076
2644.226,0.076
2645.152,0.0759
2646.079,0.0758
2647.005,0.0758
2647.932,0.0757
2648.663,0.1623
2649.395,0.2488
2649.931,0.4219
2650.468,0.5951
2651.204,0.6383
2651.741,0.8114
2652.102,0.898
2652.496,0.6815
2652.891,0.4651
2653.1,0.2486
2653.675,0.0754
2654.602,0.0753
2655.528,0.0753
2656.454,0.0752
2657.381,0.0752
2658.307,0.0751
2659.234,0.0751
2660.16,0.075
2661.086,0.075
2662.013,0.0749
2662.939,0.0748
2663.866,0.0748
2664.792,0.0747
2665.718,0.0747
2666.645,0.0746
2667.571,0.0746
2668.498,0.0745
2669.424,0.0745
2670.35,0.0744
2671.277,0.0744
2672.203,0.0743
2673.13,0.0742
2673.866,0.1175
2674.593,0.2473
2674.939,0.4637
2675.29,0.6369
2675.637,0.8533
2675.988,1.0265
2676.734,0.9831
2677.081,1.1995
2677.432,1.3727
2677.783,1.5458
2677.993,1.3294
2678.202,1.1129
2678.411,0.8964
2678.621,0.68
2678.83,0.4635
2679.039,0.2471
2679.429,0.0739
2680.356,0.0738
2681.282,0.0738
2682.208,0.0737
2683.135,0.0736
2684.061,0.0736
2684.988,0.0735
2685.914,0.0735
2686.84,0.0734
2687.767,0.0734
2688.693,0.0733
2689.62,0.0733
2690.546,0.0732
2691.472,0.0732
2692.399,0.0731
2693.325,0.073
2694.252,0.073
2695.178,0.0729
2696.109,0.0296
2697.031,0.0728
2697.957,0.0728
2698.694,0.116
2699.42,0.2458
2699.952,0.4623
2700.118,0.6354
2700.465,0.8518
2700.626,1.0683
2700.787,1.2847
2700.948,1.5012
2701.109,1.7176
2701.675,1.631
2702.045,1.631
2702.392,1.8474
2702.553,2.0638
2702.714,2.2803
2702.885,2.4101
2703.095,2.1937
2703.119,1.9772
2703.323,1.8041
2703.533,1.5876
2703.557,1.3711
2703.766,1.1547
2703.975,0.9382
2703.999,0.7218
2704.209,0.5053
2704.418,0.2888
2704.813,0.0724
2705.739,0.0723
2706.665,0.0723
2707.592,0.0722
2708.518,0.0721
2709.445,0.0721
2710.371,0.072
2711.297,0.072
2712.224,0.0719
2713.15,0.0719
2714.077,0.0718
2715.003,0.0718
2715.929,0.0717
2716.856,0.0716
2717.782,0.0716
2718.709,0.0715
2719.635,0.0715
2720.381,0.0281
2721.307,0.0281
2722.234,0.028
2723.155,0.0713
2723.697,0.2011
2724.229,0.4175
2724.395,0.5907
2724.741,0.8071
2724.902,1.0235
2725.039,1.4564
2725.064,1.24
2725.201,1.6729
2725.362,1.8893
2725.499,2.3222
2725.523,2.1058
2725.846,2.5386
2726.226,2.452
2726.62,2.2356
2726.762,2.6252
2726.786,2.4087
2726.924,2.8416
2727.085,3.0581
2727.222,3.4909
2727.246,3.2745
2727.578,3.6208
2727.602,3.4043
2727.811,3.1879
2727.836,2.9714
2728.045,2.755
2728.069,2.5385
2728.093,2.3221
2728.302,2.1056
2728.326,1.8891
2728.536,1.6727
2728.56,1.4562
2728.584,1.2398
2728.793,1.0233
2728.817,0.8069
2729.022,0.6337
2729.046,0.4172
2729.441,0.2008
2730.011,0.0709
2730.937,0.0708
2731.864,0.0708
2732.79,0.0707
2733.716,0.0706
2734.643,0.0706
2735.569,0.0705
2736.496,0.0705
2737.422,0.0704
2738.348,0.0704
2739.275,0.0703
2740.201,0.0703
2741.128,0.0702
2742.054,0.0701
2742.98,0.0701
2743.907,0.07
2744.833,0.07
2745.76,0.0699
2746.681,0.1132
2747.598,0.1997
2748.135,0.3728
2748.301,0.546
2748.647,0.7624
2748.808,0.9788
2748.945,1.4117
2748.97,1.1953
2749.083,1.8446
2749.107,1.6282
2749.22,2.2775
2749.244,2.0611
2749.381,2.494
2749.518,2.9268
2749.542,2.7104
2749.655,3.3597
2749.679,3.1433
2749.817,3.5762
2749.992,3.6628
2750.387,3.4463
2750.596,3.2298
2750.762,3.403
2750.923,3.6194
2751.061,4.0523
2751.085,3.8358
2751.198,4.4852
2751.222,4.2687
2751.335,4.9181
2751.359,4.7016
2751.496,5.1345
2751.501,5.0912
2751.71,4.8748
2751.734,4.6583
2751.944,4.4419
2751.968,4.2254
2751.992,4.009
2752.201,3.7925
2752.225,3.576
2752.249,3.3596
2752.459,3.1431
2752.483,2.9267
2752.507,2.7102
2752.716,2.4938
2752.74,2.2773
2752.764,2.0609
2752.788,1.8444
2752.998,1.6279
2753.022,1.4115
2753.046,1.195
2753.255,0.9786
2753.279,0.7621
2753.303,0.5457
2753.508,0.3725
2753.902,0.156
2754.653,0.0694
2755.579,0.0693
2756.506,0.0693
2757.432,0.0692
2758.359,0.0692
2759.285,0.0691
2760.211,0.0691
2761.138,0.069
2762.064,0.069
2762.991,0.0689
2763.917,0.0689
2764.844,0.0688
2765.77,0.0687
2766.696,0.0687
2767.623,0.0686
2768.549,0.0686
2769.476,0.0685
2770.397,0.1118
2771.124,0.2416
2771.66,0.4147
2771.822,0.6312
2771.983,0.8476
2772.31,1.2372
2772.329,1.064
2772.447,1.6701
2772.471,1.4536
2772.584,2.103
2772.608,1.8865
2772.722,2.5359
2772.746,2.3194
2772.859,2.9688
2772.883,2.7523
2772.996,3.4016
2773.02,3.1852
2773.109,4.051
2773.133,3.8345
2773.157,3.6181
2773.246,4.4839
2773.27,4.2674
2773.407,4.7003
2773.573,4.8735
2773.783,4.657
2773.992,4.4405
2774.201,4.2241
2774.348,4.5704
2774.372,4.3539
2774.509,4.7868
2774.622,5.4362
2774.647,5.2197
2774.671,5.0033
2774.736,6.0855
2774.76,5.8691
2774.784,5.6526
2774.873,6.5184
2774.897,6.302
2775.01,6.9513
2775.034,6.7349
2775.243,6.5184
2775.267,6.3019
2775.291,6.0855
2775.315,5.869
2775.52,5.6959
2775.544,5.4794
2775.568,5.263
2775.777,5.0465
2775.802,4.8301
2775.826,4.6136
2775.85,4.3971
2776.059,4.1807
2776.083,3.9642
2776.107,3.7478
2776.131,3.5313
2776.155,3.3149
2776.365,3.0984
2776.389,2.882
2776.413,2.6655
2776.437,2.4491
2776.646,2.2326
2776.67,2.0161
2776.694,1.7997
2776.718,1.5832
2776.742,1.3668
2776.952,1.1503
2776.976,0.9339
2777.185,0.7174
2777.209,0.501
2777.419,0.2845
2777.994,0.1113
2778.92,0.1113
2779.851,0.0679
2780.778,0.0679
2781.704,0.0678
2782.63,0.0677
2783.557,0.0677
2784.483,0.0676
2785.41,0.0676
2786.336,0.0675
2787.262,0.0675
2788.189,0.0674
2789.115,0.0674
2790.042,0.0673
2790.968,0.0672
2791.894,0.0672
2792.821,0.0671
2793.552,0.1537
2794.279,0.2835
2794.626,0.4999
2794.972,0.7164
2795.138,0.8895
2795.275,1.3224
2795.299,1.1059
2795.436,1.5388
2795.55,2.1882
2795.574,1.9717
2795.598,1.7553
2795.663,2.8375
2795.687,2.6211
2795.711,2.4046
2795.8,3.2704
2795.824,3.054
2795.913,3.9198
2795.937,3.7033
2795.961,3.4869
2796.05,4.3527
2796.074,4.1362
2796.163,5.002
2796.187,4.7856
2796.211,4.5691
2796.3,5.4349
2796.324,5.2184
2796.437,5.8678
2796.461,5.6513
2796.647,5.6513
2796.856,5.4349
2797.065,5.2184
2797.275,5.0019
2797.436,5.2184
2797.549,5.8677
2797.573,5.6513
2797.597,5.4348
2797.662,6.5171
2797.686,6.3006
2797.71,6.0842
2797.775,7.1664
2797.799,6.95
2797.823,6.7335
2797.888,7.8158
2797.912,7.5993
2797.937,7.3828
2798.026,8.2486
2798.04,8.1188
2798.05,8.0322
2798.064,7.9023
2798.273,7.6859
2798.297,7.4694
2798.322,7.253
2798.346,7.0365
2798.555,6.82
2798.579,6.6036
2798.603,6.3871
2798.627,6.1707
2798.836,5.9542
2798.861,5.7378
2798.885,5.5213
2798.909,5.3049
2798.933,5.0884
2799.142,4.872
2799.166,4.6555
2799.19,4.4391
2799.214,4.2226
2799.238,4.0061
2799.448,3.7897
2799.472,3.5732
2799.496,3.3568
2799.52,3.1403
2799.544,2.9239
2799.753,2.7074
2799.777,2.491
2799.801,2.2745
2799.825,2.0581
2799.849,1.8416
2800.059,1.6251
2800.083,1.4087
2800.107,1.1922
2800.131,0.9758
2800.34,0.7593
2800.364,0.5429
2800.759,0.3264
2801.334,0.1532
2802.08,0.1099
2803.011,0.0665
2803.938,0.0665
2804.864,0.0664
2805.79,0.0664
2806.717,0.0663
2807.643,0.0663
2808.57,0.0662
2809.496,0.0661
2810.422,0.0661
2811.349,0.066
2812.275,0.066
2813.202,0.0659
2814.128,0.0659
2815.055,0.0658
2815.976,0.1091
2816.703,0.2389
2817.054,0.412
2817.401,0.6284
2817.562,0.8449
2817.723,1.0613
2817.86,1.4942
2817.884,1.2778
2817.997,1.9271
2818.021,1.7107
2818.139,2.3167
2818.163,2.1003
2818.252,2.9661
2818.276,2.7496
2818.301,2.5332
2818.365,3.6154
2818.39,3.399
2818.414,3.1825
2818.479,4.2647
2818.503,4.0483
2818.527,3.8318
2818.592,4.9141
2818.616,4.6976
2818.64,4.4812
2818.705,5.5634
2818.729,5.347
2818.753,5.1305
2818.842,5.9963
2818.866,5.7799
2819.003,6.2128
2819.203,6.0829
2819.227,5.8664
2819.436,5.65
2819.646,5.4335
2819.85,5.2603
2819.855,5.217
2819.987,5.6932
2820.011,5.4768
2820.124,6.1261
2820.149,5.9097
2820.213,6.9919
2820.238,6.7755
2820.262,6.559
2820.286,6.3426
2820.327,7.6413
2820.351,7.4248
2820.375,7.2084
2820.44,8.2906
2820.464,8.0742
2820.488,7.8577
2820.572,8.7668
2820.577,8.7235
2820.596,8.5503
2820.601,8.507
2820.805,8.3339
2820.829,8.1174
2820.854,7.901
2820.878,7.6845
2820.902,7.4681
2821.111,7.2516
2821.135,7.0352
2821.159,6.8187
2821.183,6.6022
2821.207,6.3858
2821.417,6.1693
2821.441,5.9529
2821.465,5.7364
2821.489,5.52
2821.513,5.3035
2821.722,5.0871
2821.746,4.8706
2821.77,4.6542
2821.794,4.4377
2821.818,4.2213
2822.028,4.0048
2822.052,3.7883
2822.076,3.5719
2822.1,3.3554
2822.124,3.139
2822.148,2.9225
2822.357,2.7061
2822.382,2.4896
2822.406,2.2732
2822.43,2.0567
2822.454,1.8403
2822.663,1.6238
2822.687,1.4074
2822.711,1.1909
2822.735,0.9745
2822.94,0.8013
2823.149,0.5848
2823.358,0.3684
2823.934,0.1952
2824.684,0.1085
2825.611,0.1085
2826.542,0.0651
2827.468,0.0651
2828.395,0.065
2829.321,0.065
2830.248,0.0649
2831.174,0.0649
2832.1,0.0648
2833.027,0.0647
2833.953,0.0647
2834.88,0.0646
2835.806,0.0646
2836.732,0.0645
2837.659,0.0645
2838.385,0.1943
2838.927,0.3241
2839.273,0.5406
2839.62,0.757
2839.762,1.1466
2839.786,0.9301
2839.923,1.363
2840.06,1.7959
2840.084,1.5795
2840.197,2.2288
2840.221,2.0124
2840.31,2.8782
2840.334,2.6617
2840.359,2.4453
2840.448,3.3111
2840.472,3.0946
2840.561,3.9604
2840.585,3.744
2840.609,3.5275
2840.674,4.6097
2840.698,4.3933
2840.722,4.1768
2840.811,5.0426
2840.835,4.8262
2840.948,5.4755
2840.972,5.2591
2841.119,5.6054
2841.328,5.3889
2841.538,5.1725
2841.562,4.956
2841.771,4.7396
2841.961,4.6963
2841.98,4.5231
2842.098,5.1291
2842.122,4.9127
2842.211,5.7785
2842.235,5.562
2842.259,5.3456
2842.324,6.4278
2842.348,6.2114
2842.373,5.9949
2842.438,7.0772
2842.462,6.8607
2842.486,6.6443
2842.575,7.5101
2842.599,7.2936
2842.712,7.943
2842.717,7.8997
2842.736,7.7265
2842.741,7.6832
2842.95,7.4668
2842.974,7.2503
2842.998,7.0339
2843.022,6.8174
2843.232,6.6009
2843.256,6.3845
2843.28,6.168
2843.304,5.9516
2843.513,5.7351
2843.537,5.5187
2843.561,5.3022
2843.585,5.0858
2843.609,4.8693
2843.819,4.6529
2843.843,4.4364
2843.867,4.2199
2843.891,4.0035
2843.915,3.787
2844.124,3.5706
2844.148,3.3541
2844.172,3.1377
2844.196,2.9212
2844.221,2.7048
2844.43,2.4883
2844.454,2.2719
2844.478,2.0554
2844.502,1.839
2844.526,1.6225
2844.735,1.406
2844.76,1.1896
2844.784,0.9731
2844.993,0.7567
2845.017,0.5402
2845.226,0.3238
2845.801,0.1506
2846.733,0.1072
2847.659,0.1072
2848.405,0.0638
2849.331,0.0638
2850.258,0.0637
2851.184,0.0637
2852.111,0.0636
2853.037,0.0636
2853.963,0.0635
2854.89,0.0635
2855.816,0.0634
2856.743,0.0633
2857.669,0.0633
2858.595,0.0632
2859.517,0.1065
2860.244,0.2363
2860.78,0.4094
2861.132,0.5826
2861.293,0.799
2861.454,1.0154
2861.591,1.4483
2861.615,1.2319
2861.728,1.8812
2861.752,1.6648
2861.865,2.3141
2861.89,2.0977
2862.003,2.747
2862.027,2.5306
2862.14,3.1799
2862.164,2.9635
2862.301,3.3963
2862.438,3.8292
2862.462,3.6128
2862.599,4.0457
2862.794,3.9591
2863.004,3.7426
2863.213,3.5262
2863.584,3.5261
2863.608,3.3097
2863.721,3.959
2863.745,3.7426
2863.858,4.3919
2863.882,4.1755
2864,4.7815
2864.019,4.6084
2864.113,5.4309
2864.137,5.2144
2864.161,4.998
2864.274,5.6473
2864.435,5.8637
2864.44,5.8205
2864.464,5.604
2864.674,5.3875
2864.698,5.1711
2864.722,4.9546
2864.931,4.7382
2864.955,4.5217
2864.979,4.3053
2865.003,4.0888
2865.213,3.8724
2865.237,3.6559
2865.261,3.4395
2865.285,3.223
2865.494,3.0065
2865.518,2.7901
2865.542,2.5736
2865.752,2.3572
2865.776,2.1407
2865.8,1.9243
2865.824,1.7078
2866.033,1.4914
2866.057,1.2749
2866.081,1.0585
2866.291,0.842
2866.315,0.6255
2866.524,0.4091
2866.919,0.1926
2867.484,0.106
2868.415,0.0626
2869.342,0.0626
2870.268,0.0625
2871.194,0.0625
2872.121,0.0624
2873.047,0.0624
2873.974,0.0623
2874.9,0.0623
2875.826,0.0622
2876.753,0.0622
2877.679,0.0621
2878.606,0.062
2879.532,0.062
2880.459,0.0619
2881.385,0.0619
2882.311,0.0618
2883.238,0.0618
2884.164,0.0617
2885.091,0.0617
2886.017,0.0616
2886.943,0.0615
2887.87,0.0615
2888.796,0.0614
2889.723,0.0614
2890.649,0.0613
2891.58,0.018
2892.316,0.0612
2893.243,0.0612
2894.174,0.0178
2895.096,0.0611
2896.022,0.061
2896.948,0.061
2897.875,0.0609
2898.801,0.0608
2899.728,0.0608
2900.649,0.104
2901.376,0.2339
2901.727,0.407
2902.074,0.6234
2902.235,0.8399
2902.396,1.0563
2902.562,1.2295
2902.723,1.4459
2902.861,1.8788
2902.885,1.6623
2902.998,2.3117
2903.022,2.0952
2903.135,2.7446
2903.159,2.5281
2903.272,3.1775
2903.296,2.961
2903.409,3.6104
2903.433,3.3939
2903.546,4.0432
2903.57,3.8268
2903.922,3.9999
2903.946,3.7835
2904.155,3.567
2904.364,3.3506
2904.569,3.1774
2904.73,3.3938
2904.843,4.0432
2904.867,3.8267
2904.891,3.6103
2904.98,4.4761
2905.005,4.2596
2905.094,5.1254
2905.118,4.909
2905.142,4.6925
2905.231,5.5583
2905.255,5.3418
2905.368,5.9912
2905.392,5.7747
2905.568,5.8613
2905.592,5.6449
2905.801,5.4284
2905.825,5.2119
2905.849,4.9955
2905.873,4.779
2906.083,4.5626
2906.107,4.3461
2906.131,4.1297
2906.34,3.9132
2906.364,3.6968
2906.388,3.4803
2906.412,3.2639
2906.622,3.0474
2906.646,2.8309
2906.67,2.6145
2906.694,2.398
2906.903,2.1816
2906.927,1.9651
2906.951,1.7487
2906.975,1.5322
2907.185,1.3158
2907.209,1.0993
2907.233,0.8829
2907.442,0.6664
2907.651,0.4499
2907.856,0.2768
2908.431,0.1036
2909.357,0.1035
2910.103,0.0602
2911.03,0.0601
2911.956,0.0601
2912.883,0.06
2913.809,0.06
2914.735,0.0599
2915.662,0.0598
2916.588,0.0598
2917.515,0.0597
2918.441,0.0597
2919.367,0.0596
2920.284,0.1461
2920.821,0.3193
2921.357,0.4924
2921.519,0.7088
2921.68,0.9253
2921.841,1.1417
2921.978,1.5746
2922.002,1.3582
2922.12,1.9642
2922.139,1.7911
2922.257,2.3971
2922.281,2.1807
2922.394,2.83
2922.419,2.6136
2922.508,3.4793
2922.532,3.2629
2922.556,3.0464
2922.621,4.1287
2922.645,3.9122
2922.669,3.6958
2922.758,4.5616
2922.782,4.3451
2922.871,5.2109
2922.895,4.9945
2922.919,4.778
2923.008,5.6438
2923.032,5.4274
2923.393,5.5139
2923.417,5.2975
2923.626,5.081
2923.651,4.8646
2923.86,4.6481
2924.055,4.5615
2924.069,4.4316
2924.221,4.7347
2924.334,5.384
2924.358,5.1676
2924.382,4.9511
2924.447,6.0333
2924.471,5.8169
2924.495,5.6004
2924.536,6.8991
2924.56,6.6827
2924.584,6.4662
2924.608,6.2498
2924.649,7.5485
2924.673,7.332
2924.697,7.1156
2924.786,7.9814
2924.81,7.7649
2924.952,8.1545
2924.976,7.9381
2925,7.7216
2925.21,7.5052
2925.234,7.2887
2925.258,7.0723
2925.282,6.8558
2925.306,6.6394
2925.515,6.4229
2925.539,6.2064
2925.563,5.99
2925.588,5.7735
2925.612,5.5571
2925.821,5.3406
2925.845,5.1242
2925.869,4.9077
2925.893,4.6913
2925.917,4.4748
2925.941,4.2584
2926.151,4.0419
2926.175,3.8255
2926.199,3.609
2926.223,3.3925
2926.247,3.1761
2926.456,2.9596
2926.48,2.7432
2926.504,2.5267
2926.528,2.3103
2926.552,2.0938
2926.762,1.8774
2926.786,1.6609
2926.81,1.4445
2926.834,1.228
2927.043,1.0115
2927.067,0.7951
2927.277,0.5786
2927.486,0.3622
2927.876,0.189
2928.812,0.1024
2929.738,0.1023
2930.67,0.059
2931.596,0.0589
2932.522,0.0588
2933.449,0.0588
2934.375,0.0587
2935.302,0.0587
2936.228,0.0586
2937.154,0.0586
2938.081,0.0585
2938.817,0.1018
2939.544,0.2316
2940.075,0.448
2940.242,0.6212
2940.403,0.8376
2940.564,1.054
2940.725,1.2705
2940.886,1.4869
2940.999,2.1363
2941.024,1.9198
2941.048,1.7034
2941.137,2.5692
2941.161,2.3527
2941.274,3.002
2941.298,2.7856
2941.387,3.6514
2941.411,3.4349
2941.435,3.2185
2941.5,4.3007
2941.524,4.0843
2941.548,3.8678
2941.613,4.9501
2941.637,4.7336
2941.661,4.5172
2941.726,5.5994
2941.75,5.383
2941.774,5.1665
2941.839,6.2488
2941.863,6.0323
2941.887,5.8159
2942.005,6.4219
2942.215,6.2055
2942.239,5.989
2942.448,5.7725
2942.472,5.5561
2942.681,5.3396
2942.706,5.1232
2942.915,4.9067
2943.081,5.0799
2943.194,5.7292
2943.218,5.5128
2943.242,5.2963
2943.283,6.595
2943.307,6.3785
2943.331,6.1621
2943.355,5.9456
2943.396,7.2443
2943.42,7.0279
2943.444,6.8114
2943.485,8.1101
2943.509,7.8937
2943.533,7.6772
2943.557,7.4608
2943.598,8.7595
2943.622,8.543
2943.646,8.3266
2943.721,9.3222
2943.735,9.1924
2943.745,9.1058
2943.759,8.9759
2943.769,8.8893
2943.978,8.6729
2944.002,8.4564
2944.027,8.24
2944.051,8.0235
2944.26,7.8071
2944.284,7.5906
2944.308,7.3742
2944.332,7.1577
2944.356,6.9413
2944.566,6.7248
2944.59,6.5083
2944.614,6.2919
2944.638,6.0754
2944.662,5.859
2944.871,5.6425
2944.895,5.4261
2944.919,5.2096
2944.943,4.9932
2944.967,4.7767
2944.991,4.5603
2945.201,4.3438
2945.225,4.1274
2945.249,3.9109
2945.273,3.6944
2945.297,3.478
2945.321,3.2615
2945.53,3.0451
2945.555,2.8286
2945.579,2.6122
2945.603,2.3957
2945.627,2.1793
2945.651,1.9628
2945.86,1.7464
2945.884,1.5299
2945.908,1.3135
2946.118,1.097
2946.142,0.8805
2946.351,0.6641
2946.56,0.4476
2946.765,0.2744
2947.52,0.1445
2948.452,0.1012
2949.378,0.1011
2950.309,0.0578
2951.236,0.0577
2952.162,0.0577
2953.088,0.0576
2954.015,0.0576
2954.941,0.0575
2955.868,0.0575
2956.794,0.0574
2957.526,0.1439
2958.062,0.3171
2958.413,0.4902
2958.76,0.7066
2958.921,0.9231
2959.082,1.1395
2959.22,1.5724
2959.244,1.356
2959.357,2.0053
2959.381,1.7888
2959.499,2.3949
2959.523,2.1785
2959.612,3.0442
2959.636,2.8278
2959.66,2.6113
2959.725,3.6936
2959.749,3.4771
2959.773,3.2607
2959.838,4.3429
2959.862,4.1265
2959.886,3.91
2959.975,4.7758
2959.999,4.5594
2960.088,5.4252
2960.112,5.2087
2960.136,4.9923
2960.225,5.8581
2960.249,5.6416
2960.387,6.0745
2960.391,6.0312
2960.601,5.8148
2960.81,5.5983
2960.834,5.3818
2961.043,5.1654
2961.068,4.9489
2961.277,4.7325
2961.433,4.9922
2961.457,4.7757
2961.551,5.5982
2961.57,5.4251
2961.594,5.2086
2961.664,6.2476
2961.688,6.0311
2961.712,5.8147
2961.777,6.8969
2961.801,6.6805
2961.825,6.464
2961.866,7.7627
2961.89,7.5463
2961.915,7.3298
2961.939,7.1134
2961.979,8.4121
2962.004,8.1956
2962.028,7.9792
2962.102,8.9748
2962.117,8.845
2962.126,8.7584
2962.141,8.6285
2962.336,8.5419
2962.36,8.3255
2962.384,8.109
2962.408,7.8926
2962.432,7.6761
2962.641,7.4597
2962.665,7.2432
2962.689,7.0267
2962.713,6.8103
2962.923,6.5938
2962.947,6.3774
2962.971,6.1609
2962.995,5.9445
2963.019,5.728
2963.228,5.5116
2963.252,5.2951
2963.276,5.0787
2963.301,4.8622
2963.325,4.6458
2963.349,4.4293
2963.558,4.2128
2963.582,3.9964
2963.606,3.7799
2963.63,3.5635
2963.654,3.347
2963.678,3.1306
2963.888,2.9141
2963.912,2.6977
2963.936,2.4812
2963.96,2.2648
2963.984,2.0483
2964.193,1.8319
2964.217,1.6154
2964.241,1.399
2964.265,1.1825
2964.475,0.966
2964.499,0.7496
2964.708,0.5331
2964.918,0.3167
2965.488,0.1868
2966.424,0.1001
2967.35,0.1001
2968.281,0.0567
2969.208,0.0567
2970.134,0.0566
2971.061,0.0566
2971.987,0.0565
2972.913,0.0564
2973.84,0.0564
2974.761,0.0996
2975.493,0.1862
2976.03,0.3593
2976.376,0.5757
2976.542,0.7489
2976.864,1.1818
2976.889,0.9653
2977.002,1.6146
2977.026,1.3982
2977.139,2.0475
2977.163,1.8311
2977.3,2.264
2977.437,2.6969
2977.461,2.4804
2977.55,3.3462
2977.574,3.1298
2977.598,2.9133
2977.687,3.7791
2977.711,3.5627
2977.801,4.4284
2977.825,4.212
2977.849,3.9955
2977.938,4.8613
2977.962,4.6449
2978.094,5.1211
2978.099,5.0778
2978.303,4.9046
2978.513,4.6881
2978.722,4.4717
2978.741,4.2985
2978.951,4.0821
2979.155,3.9089
2979.16,3.8656
2979.292,4.3418
2979.316,4.1253
2979.405,4.9911
2979.43,4.7747
2979.454,4.5582
2979.543,5.424
2979.567,5.2076
2979.632,6.2898
2979.656,6.0734
2979.68,5.8569
2979.704,5.6405
2979.745,6.9392
2979.769,6.7227
2979.793,6.5063
2979.882,7.372
2979.906,7.1556
2980.062,7.4153
2980.086,7.1989
2980.296,6.9824
2980.32,6.766
2980.344,6.5495
2980.368,6.3331
2980.392,6.1166
2980.601,5.9001
2980.625,5.6837
2980.65,5.4672
2980.674,5.2508
2980.698,5.0343
2980.907,4.8179
2980.931,4.6014
2980.955,4.385
2980.979,4.1685
2981.003,3.9521
2981.213,3.7356
2981.237,3.5192
2981.261,3.3027
2981.285,3.0863
2981.494,2.8698
2981.518,2.6533
2981.542,2.4369
2981.566,2.2204
2981.776,2.004
2981.8,1.7875
2981.824,1.5711
2981.848,1.3546
2982.057,1.1382
2982.081,0.9217
2982.105,0.7052
2982.315,0.4888
2982.524,0.2723
2983.094,0.1424
2984.03,0.0558
2984.957,0.0557
2985.883,0.0557
2986.809,0.0556
2987.736,0.0556
2988.662,0.0555
2989.589,0.0555
2990.515,0.0554
2991.441,0.0553
2992.178,0.0986
2992.904,0.2284
2993.441,0.4015
2993.602,0.618
2993.764,0.8344
2994.086,1.2673
2994.11,1.0509
2994.223,1.7002
2994.247,1.4837
2994.384,1.9166
2994.521,2.3495
2994.546,2.1331
2994.663,2.7391
2994.683,2.566
2994.801,3.172
2994.825,2.9556
2994.938,3.6049
2994.962,3.3885
2995.099,3.8214
2995.26,4.0378
2995.47,3.8213
2995.679,3.6049
2995.888,3.3884
2995.912,3.172
2996.122,2.9555
2996.302,2.9988
2996.439,3.4317
2996.463,3.2152
2996.576,3.8646
2996.6,3.6481
2996.714,4.2975
2996.738,4.081
2996.827,4.9468
2996.851,4.7303
2996.875,4.5139
2996.969,5.3364
2996.993,5.1199
2997.106,5.7693
2997.13,5.5528
2997.296,5.726
2997.32,5.5095
2997.529,5.2931
2997.553,5.0766
2997.577,4.8602
2997.601,4.6437
2997.811,4.4273
2997.835,4.2108
2997.859,3.9944
2998.068,3.7779
2998.092,3.5614
2998.116,3.345
2998.14,3.1285
2998.35,2.9121
2998.374,2.6956
2998.398,2.4792
2998.422,2.2627
2998.631,2.0463
2998.655,1.8298
2998.679,1.6134
2998.704,1.3969
2998.913,1.1804
2998.937,0.964
2999.146,0.7475
2999.17,0.5311
2999.38,0.3146
2999.769,0.1414
3000.52,0.0548
3001.447,0.0548
3002.373,0.0547
3003.304,0.0113
3004.231,0.0113
3005.157,0.0112
3006.083,0.0112
3007.01,0.0111
3007.936,0.0111
3008.858,0.0543
3009.394,0.2274
3009.931,0.4006
3010.282,0.5737
3010.444,0.7901
3010.605,1.0066
3010.766,1.223
3010.927,1.4395
3011.064,1.8724
3011.088,1.6559
3011.226,2.0888
3011.387,2.3052
3011.524,2.7381
3011.548,2.5217
3011.695,2.868
3011.899,2.6948
3012.109,2.4784
3012.503,2.2619
3012.713,2.0454
3012.883,2.1753
3013.021,2.6082
3013.045,2.3917
3013.158,3.0411
3013.182,2.8246
3013.295,3.474
3013.319,3.2575
3013.432,3.9069
3013.456,3.6904
3013.593,4.1233
3013.759,4.2964
3013.783,4.08
3013.993,3.8635
3014.017,3.6471
3014.226,3.4306
3014.25,3.2142
3014.46,2.9977
3014.484,2.7812
3014.508,2.5648
3014.717,2.3483
3014.741,2.1319
3014.765,1.9154
3014.975,1.699
3014.999,1.4825
3015.023,1.2661
3015.232,1.0496
3015.256,0.8332
3015.465,0.6167
3015.489,0.4002
3015.699,0.1838
3016.454,0.0539
3017.2,0.0105
3018.127,0.0105
3019.053,0.0104
3019.979,0.0104
3020.906,0.0103
3021.832,0.0102
3022.759,0.0102
3023.685,0.0101
3024.607,0.0534
3025.333,0.1832
3025.87,0.3563
3026.216,0.5728
3026.382,0.7459
3026.544,0.9624
3026.705,1.1788
3026.866,1.3952
3027.027,1.6117
3027.374,1.8281
3027.559,1.8281
3027.954,1.6116
3028.348,1.3951
3028.524,1.4817
3028.685,1.6982
3028.846,1.9146
3029.013,2.0877
3029.174,2.3042
3029.311,2.7371
3029.335,2.5206
3029.472,2.9535
3029.681,2.7371
3029.891,2.5206
3029.915,2.3041
3030.124,2.0877
3030.148,1.8712
3030.358,1.6548
3030.382,1.4383
3030.591,1.2219
3030.615,1.0054
3030.824,0.7889
3030.848,0.5725
3031.058,0.356
3031.262,0.1829
3032.023,0.0096
3032.949,0.0096
3033.876,0.0095
3034.802,0.0095
3035.728,0.0094
3036.655,0.0094
3037.581,0.0093
3038.508,0.0093
3039.244,0.0525
3040.165,0.0957
3040.892,0.2256
3041.243,0.3987
3041.59,0.6151
3041.751,0.8316
3042.102,1.0047
3042.449,1.2211
3042.839,1.048
3043.419,0.8315
3043.77,1.0046
3043.931,1.2211
3044.092,1.4375
3044.254,1.6539
3044.6,1.8704
3044.795,1.7838
3045.004,1.5673
3045.214,1.3509
3045.238,1.1344
3045.447,0.9179
3045.656,0.7015
3045.866,0.485
3046.075,0.2686
3046.28,0.0954
3047.216,0.0087
3048.142,0.0087
3049.069,0.0086
3049.995,0.0086
3050.921,0.0085
3051.848,0.0085
3052.774,0.0084
3053.701,0.0084
3054.622,0.0516
3055.164,0.1814
3055.7,0.3546
3056.237,0.5277
3056.773,0.7008
3057.344,0.5709
3057.899,0.5709
3058.246,0.7873
3058.597,0.9604
3058.944,1.1769
3059.338,0.9604
3059.543,0.7872
3059.752,0.5708
3059.962,0.3543
3060.171,0.1378
3060.741,0.0079
3061.668,0.0079
3062.594,0.0078
3063.52,0.0078
3064.447,0.0077
3065.373,0.0077
3066.3,0.0076
3067.226,0.0076
3068.152,0.0075
3069.069,0.094
3069.791,0.2671
3070.337,0.3537
3071.273,0.2671
3071.81,0.4402
3072.346,0.6133
3072.912,0.5267
3073.307,0.3102
3073.696,0.137
3074.267,0.0071
3075.193,0.0071
3076.119,0.007
3077.046,0.007
3077.972,0.0069
3078.899,0.0069
3079.825,0.0068
3080.751,0.0068
3081.673,0.05
3082.595,0.0932
3083.331,0.1365
3084.257,0.1364
3084.984,0.2662
3085.725,0.2662
3086.3,0.093
3087.051,0.0064
3087.977,0.0063
3088.904,0.0063
3089.83,0.0062
3090.757,0.0062
3091.683,0.0061
3092.609,0.006
3093.536,0.006
3094.462,0.0059
3095.199,0.0492
3096.125,0.0491
3097.047,0.0924
3097.788,0.0923
3098.538,0.0057